record_number,buggy_code,fixed_code,gpt_explanation
97001,"/** 
 * Prepares this Entity2D for a new frame. This method is not meant to be called by the user and is called by the SceneGraph.
 * @param delta The delta time.
 */
public void preUpdate(float delta){
  update(delta);
  if (velocity == Vector2.ZERO)   return;
  position=position.add(velocity);
  polygon.setPosition(position);
  getLocalTransform().reset().rotate(Vector3.AXIS_Z,polygon.getRotation()).translate(position);
}","/** 
 * Prepares this Entity2D for a new frame. This method is not meant to be called by the user and is called by the SceneGraph.
 * @param delta The delta time.
 */
public void preUpdate(float delta){
  update(delta);
  if (velocity == Vector2.ZERO)   return;
  position=position.add(velocity);
  polygon.setPosition(position);
  getLocalTransform().reset().translate(getPosition().subtract(getCenter())).rotate(Vector3.AXIS_Z,polygon.getRotation()).translate(getCenter());
}","The original code incorrectly updates the entity's local transform by only translating it based on the current position, which can lead to incorrect positioning in relation to its center. The fixed code adjusts the position by first translating to the center, applying the rotation, and then translating back, ensuring the entity rotates around its center. This improvement maintains the correct rotation and position, resulting in more accurate movement and rendering within the scene."
97002,"public void drawTexture2d(Texture texture,Vector2 p,Color color){
  Texture current=Texture.CURRENT;
  flush();
  texture.bind();
{
    vertex(p.getX(),p.getY(),0,1);
    color(color);
    texCoord(texture.getMinU(),texture.getMinV());
    vertex(p.getX() + texture.getWidth(),p.getY(),0,1);
    color(color);
    texCoord(texture.getMaxU(),texture.getMinV());
    vertex(p.getX(),p.getY() + texture.getHeight(),0,1);
    color(color);
    texCoord(texture.getMinU(),texture.getMaxV());
  }
{
    vertex(p.getX() + texture.getWidth(),p.getY(),0,1);
    color(color);
    texCoord(texture.getMaxU(),texture.getMinV());
    vertex(p.getX(),p.getY() + texture.getHeight(),0,1);
    color(color);
    texCoord(texture.getMinU(),texture.getMaxV());
    vertex(p.getX() + texture.getWidth(),p.getY() + texture.getHeight(),0,1);
    color(color);
    texCoord(texture.getMaxU(),texture.getMaxV());
  }
  flush();
  current.bind();
}","public void drawTexture2d(Texture texture,Vector2 p,Color color){
  Texture current=Texture.CURRENT;
  texture.bind();
  begin();
{
    vertex(p.getX(),p.getY(),0,1);
    color(color);
    texCoord(texture.getMinU(),texture.getMinV());
    vertex(p.getX() + texture.getWidth(),p.getY(),0,1);
    color(color);
    texCoord(texture.getMaxU(),texture.getMinV());
    vertex(p.getX(),p.getY() + texture.getHeight(),0,1);
    color(color);
    texCoord(texture.getMinU(),texture.getMaxV());
  }
{
    vertex(p.getX() + texture.getWidth(),p.getY(),0,1);
    color(color);
    texCoord(texture.getMaxU(),texture.getMinV());
    vertex(p.getX(),p.getY() + texture.getHeight(),0,1);
    color(color);
    texCoord(texture.getMinU(),texture.getMaxV());
    vertex(p.getX() + texture.getWidth(),p.getY() + texture.getHeight(),0,1);
    color(color);
    texCoord(texture.getMaxU(),texture.getMaxV());
  }
  end();
  current.bind();
}","The original code incorrectly uses `flush()` without properly initiating a drawing batch, which can lead to rendering issues. The fixed code replaces `flush()` with `begin()` and `end()`, correctly managing the drawing state for the texture while ensuring that all vertices are processed in a single batch. This improves performance and reliability by reducing the likelihood of incomplete or corrupted rendering operations."
97003,"/** 
 * A private method to handle the creation of GLFW windows. Takes care of creating the window with windowing hints, a size, a title, fullscreen or not, parent window to share the context, and whether initially visible or not.
 * @param width     The width of the window
 * @param height    The height of the window
 * @param title     The title of the window
 * @param monitor   The monitor to create the window on
 * @param parent    The parent window, if the context needs to be shared
 * @param visible   Is the window visible upon creation?
 * @param resizable Is the window resizable?
 * @return A window handle. (GLFWWindow* as in C++, but this is Java, so a long)
 */
private static long createWindow(int width,int height,String title,long monitor,long parent,boolean visible,boolean resizable){
  glfwWindowHint(GLFW_SAMPLES,4);
  glfwWindowHint(GLFW_CONTEXT_VERSION_MAJOR,3);
  glfwWindowHint(GLFW_CONTEXT_VERSION_MINOR,2);
  glfwWindowHint(GLFW_OPENGL_FORWARD_COMPAT,GL_TRUE);
  glfwWindowHint(GLFW_OPENGL_PROFILE,GLFW_OPENGL_CORE_PROFILE);
  glfwWindowHint(GLFW_VISIBLE,visible ? GL_TRUE : GL_FALSE);
  glfwWindowHint(GLFW_RESIZABLE,resizable ? GL_TRUE : GL_FALSE);
  long window=glfwCreateWindow(width,height,title,monitor,parent);
  if (window == NULL)   throw new SilenceException(""String_Node_Str"");
  glfwMakeContextCurrent(window);
  glfwSwapInterval(1);
  GLContext.createFromCurrent();
  GL3Context.enable(GL_BLEND);
  GL3Context.blendFunc(GL_SRC_ALPHA,GL_ONE_MINUS_SRC_ALPHA);
  GL3Context.viewport(0,0,width,height);
  if (Game.getBatcher() == null)   Game.setBatcher(new Batcher());
  if (Program.DEFAULT == null)   Program.loadDefaultProgram();
  if (Texture.EMPTY == null)   Texture.loadNullTexture();
  releaseCallbacks();
  glfwSetWindowSizeCallback(window,winSizeCallback=GLFWWindowSizeCallback((win,w,h) -> {
    Display.width=w;
    Display.height=h;
    resized=true;
  }
));
  glfwSetKeyCallback(window,winKeyCallback=GLFWKeyCallback(Keyboard::glfwKeyCallback));
  glfwSetWindowPosCallback(window,winPosCallback=GLFWWindowPosCallback((win,xPos,yPos) -> {
    Display.posX=xPos;
    Display.posY=yPos;
  }
));
  glfwSetCursorPosCallback(window,winCurPosCallback=GLFWCursorPosCallback(Mouse::glfwCursorCallback));
  glfwSetScrollCallback(window,winScrollCallback=GLFWScrollCallback(Mouse::glfwScrollCallback));
  glfwSetMouseButtonCallback(window,winMouseButtonCallback=GLFWMouseButtonCallback(Mouse::glfwMouseButtonCallback));
  return window;
}","/** 
 * A private method to handle the creation of GLFW windows. Takes care of creating the window with windowing hints, a size, a title, fullscreen or not, parent window to share the context, and whether initially visible or not.
 * @param width     The width of the window
 * @param height    The height of the window
 * @param title     The title of the window
 * @param monitor   The monitor to create the window on
 * @param parent    The parent window, if the context needs to be shared
 * @param visible   Is the window visible upon creation?
 * @param resizable Is the window resizable?
 * @return A window handle. (GLFWWindow* as in C++, but this is Java, so a long)
 */
private static long createWindow(int width,int height,String title,long monitor,long parent,boolean visible,boolean resizable){
  if (Game.getBatcher() != null)   Game.getBatcher().dispose();
  glfwWindowHint(GLFW_SAMPLES,4);
  if (System.getProperty(""String_Node_Str"").toLowerCase().contains(""String_Node_Str"")) {
    glfwWindowHint(GLFW_CONTEXT_VERSION_MAJOR,3);
    glfwWindowHint(GLFW_CONTEXT_VERSION_MINOR,2);
  }
 else {
    glfwWindowHint(GLFW_CONTEXT_VERSION_MAJOR,3);
    glfwWindowHint(GLFW_CONTEXT_VERSION_MINOR,3);
  }
  glfwWindowHint(GLFW_OPENGL_FORWARD_COMPAT,GL_TRUE);
  glfwWindowHint(GLFW_OPENGL_PROFILE,GLFW_OPENGL_CORE_PROFILE);
  glfwWindowHint(GLFW_VISIBLE,visible ? GL_TRUE : GL_FALSE);
  glfwWindowHint(GLFW_RESIZABLE,resizable ? GL_TRUE : GL_FALSE);
  if (Game.development) {
    System.setProperty(""String_Node_Str"",""String_Node_Str"");
    glfwWindowHint(GLFW_OPENGL_DEBUG_CONTEXT,GL_TRUE);
  }
  long window=glfwCreateWindow(width,height,title,monitor,parent);
  if (window == NULL)   throw new SilenceException(""String_Node_Str"");
  glfwMakeContextCurrent(window);
  glfwSwapInterval(1);
  GLContext.createFromCurrent();
  GL3Context.enable(GL_BLEND);
  GL3Context.blendFunc(GL_SRC_ALPHA,GL_ONE_MINUS_SRC_ALPHA);
  GL3Context.viewport(0,0,width,height);
  Game.setBatcher(new Batcher());
  if (Program.DEFAULT == null)   Program.loadDefaultProgram();
  if (Texture.EMPTY == null)   Texture.loadNullTexture();
  releaseCallbacks();
  glfwSetWindowSizeCallback(window,winSizeCallback=GLFWWindowSizeCallback((win,w,h) -> {
    Display.width=w;
    Display.height=h;
    resized=true;
  }
));
  glfwSetKeyCallback(window,winKeyCallback=GLFWKeyCallback(Keyboard::glfwKeyCallback));
  glfwSetWindowPosCallback(window,winPosCallback=GLFWWindowPosCallback((win,xPos,yPos) -> {
    Display.posX=xPos;
    Display.posY=yPos;
  }
));
  glfwSetCursorPosCallback(window,winCurPosCallback=GLFWCursorPosCallback(Mouse::glfwCursorCallback));
  glfwSetScrollCallback(window,winScrollCallback=GLFWScrollCallback(Mouse::glfwScrollCallback));
  glfwSetMouseButtonCallback(window,winMouseButtonCallback=GLFWMouseButtonCallback(Mouse::glfwMouseButtonCallback));
  return window;
}","The original code incorrectly created a GLFW window without properly managing the batcher and context version, which could lead to resource leaks and compatibility issues. The fixed code disposes of the existing batcher, conditionally adjusts the OpenGL context version based on the system property, and ensures a debug context is enabled during development. These changes improve resource management and compatibility, enhancing stability and performance when creating the GLFW window."
97004,"/** 
 * Starts the game. Initiates the game life-cycle and starts the main game-loop.
 */
public void start(){
  running=true;
  Display.create();
  Display.show();
  init();
  final double frameTime=1.0 / targetUPS;
  double currentTime;
  double previousTime;
  double elapsed;
  double lag=0;
  double lastUPSUpdate=0;
  double lastFPSUpdate=0;
  int updatesProcessed=0;
  int framesProcessed=0;
  previousTime=TimeUtils.currentSeconds();
  while (true) {
    if (Display.isCloseRequested() || !isRunning())     break;
    if (Display.wasResized()) {
      GL3Context.viewport(0,0,Display.getWidth(),Display.getHeight());
      resize();
    }
    currentTime=TimeUtils.currentSeconds();
    elapsed=currentTime - previousTime;
    lag+=elapsed;
    while (lag > frameTime) {
      Keyboard.startEventFrame();
      Mouse.startEventFrame();
      update((float)elapsed);
      GameTimer.updateTimers((float)elapsed);
      Keyboard.clearEventFrame();
      Mouse.clearEventFrame();
      updatesProcessed++;
      lag-=frameTime;
      if (currentTime - lastUPSUpdate >= 1000) {
        ups=updatesProcessed;
        updatesProcessed=0;
        lastUPSUpdate=currentTime;
      }
    }
    float lagOffset=(float)(lag / frameTime);
    GL3Context.clear(GL_COLOR_BUFFER_BIT | GL_DEPTH_BUFFER_BIT);
    Texture.setActiveUnit(0);
    render(lagOffset,batcher);
    framesProcessed++;
    if (currentTime - lastFPSUpdate >= 1000) {
      fps=framesProcessed;
      framesProcessed=0;
      lastFPSUpdate=currentTime;
    }
    Display.update();
    previousTime=currentTime;
  }
  batcher.dispose();
  dispose();
  Display.destroy();
}","/** 
 * Starts the game. Initiates the game life-cycle and starts the main game-loop.
 */
public void start(){
  running=true;
  Display.create();
  Display.show();
  System.out.println(glGetString(GL_VERSION));
  init();
  final double frameTime=1.0 / targetUPS;
  double currentTime;
  double previousTime;
  double elapsed;
  double lag=0;
  double lastUPSUpdate=0;
  double lastFPSUpdate=0;
  int updatesProcessed=0;
  int framesProcessed=0;
  previousTime=TimeUtils.currentSeconds();
  while (true) {
    if (Display.isCloseRequested() || !isRunning())     break;
    if (Display.wasResized()) {
      GL3Context.viewport(0,0,Display.getWidth(),Display.getHeight());
      resize();
    }
    currentTime=TimeUtils.currentSeconds();
    elapsed=currentTime - previousTime;
    lag+=elapsed;
    while (lag > frameTime) {
      Keyboard.startEventFrame();
      Mouse.startEventFrame();
      update((float)elapsed);
      GameTimer.updateTimers((float)elapsed);
      Keyboard.clearEventFrame();
      Mouse.clearEventFrame();
      updatesProcessed++;
      lag-=frameTime;
      if (currentTime - lastUPSUpdate >= 1000) {
        ups=updatesProcessed;
        updatesProcessed=0;
        lastUPSUpdate=currentTime;
      }
    }
    float lagOffset=(float)(lag / frameTime);
    GL3Context.clear(GL_COLOR_BUFFER_BIT | GL_DEPTH_BUFFER_BIT);
    Texture.setActiveUnit(0);
    render(lagOffset,batcher);
    framesProcessed++;
    if (currentTime - lastFPSUpdate >= 1000) {
      fps=framesProcessed;
      framesProcessed=0;
      lastFPSUpdate=currentTime;
    }
    Display.update();
    previousTime=currentTime;
  }
  batcher.dispose();
  dispose();
  Display.destroy();
}","The original code lacked verification of the OpenGL context version, which could lead to compatibility issues. The fixed code adds a print statement to display the OpenGL version, ensuring that the graphics context is correctly initialized and providing useful debugging information. This enhancement improves the code by promoting better diagnostics and ensuring that the application runs on the expected graphical environment."
97005,"/** 
 * Loads the natives from the JAR resources
 */
public static void load(){
  if (System.getProperty(""String_Node_Str"",""String_Node_Str"").equalsIgnoreCase(""String_Node_Str""))   return;
  try {
    File tmp=Files.createTempDirectory(""String_Node_Str"").toFile();
    tmp.deleteOnExit();
    if (OS.contains(""String_Node_Str"")) {
      if (ARCH.contains(""String_Node_Str"")) {
        extractLibrary(tmp,""String_Node_Str"");
        extractLibrary(tmp,""String_Node_Str"");
      }
 else {
        extractLibrary(tmp,""String_Node_Str"");
        extractLibrary(tmp,""String_Node_Str"");
      }
    }
 else     if (OS.contains(""String_Node_Str"")) {
      extractLibrary(tmp,""String_Node_Str"");
      extractLibrary(tmp,""String_Node_Str"");
    }
 else     if (OS.contains(""String_Node_Str"")) {
      if (ARCH.contains(""String_Node_Str"")) {
        extractLibrary(tmp,""String_Node_Str"");
        extractLibrary(tmp,""String_Node_Str"");
      }
 else {
        extractLibrary(tmp,""String_Node_Str"");
        extractLibrary(tmp,""String_Node_Str"");
      }
    }
    System.setProperty(""String_Node_Str"",tmp.getAbsolutePath());
  }
 catch (  Exception e) {
    throw new SilenceException(e.getMessage());
  }
}","/** 
 * Loads the natives from the JAR resources
 */
public static void load(){
  if (System.getProperty(""String_Node_Str"",""String_Node_Str"").equalsIgnoreCase(""String_Node_Str""))   return;
  try {
    File tmp=Files.createTempDirectory(""String_Node_Str"").toFile();
    tmp.deleteOnExit();
    if (isWindows) {
      if (!is64Bit) {
        extractLibrary(tmp,""String_Node_Str"");
        extractLibrary(tmp,""String_Node_Str"");
      }
 else {
        extractLibrary(tmp,""String_Node_Str"");
        extractLibrary(tmp,""String_Node_Str"");
      }
    }
 else     if (isMac) {
      extractLibrary(tmp,""String_Node_Str"");
      extractLibrary(tmp,""String_Node_Str"");
    }
 else     if (isLinux) {
      if (!is64Bit) {
        extractLibrary(tmp,""String_Node_Str"");
        extractLibrary(tmp,""String_Node_Str"");
      }
 else {
        extractLibrary(tmp,""String_Node_Str"");
        extractLibrary(tmp,""String_Node_Str"");
      }
    }
    System.setProperty(""String_Node_Str"",tmp.getAbsolutePath());
  }
 catch (  Exception e) {
    SilenceException.reThrow(e);
  }
}","The original code incorrectly uses placeholder strings (""String_Node_Str"") instead of specific operating system and architecture checks, leading to potential functionality issues. The fixed code replaces these placeholders with proper boolean flags (isWindows, isMac, isLinux, is64Bit) to accurately determine the environment, ensuring correct library extraction based on the actual OS and architecture. This enhancement ensures that the right native libraries are loaded for the user's system, improving reliability and performance."
97006,"private static void releaseCallbacks(){
  if (winSizeCallback != null)   winSizeCallback.release();
  if (winKeyCallback != null)   winKeyCallback.release();
  if (winPosCallback != null)   winPosCallback.release();
  if (winCurPosCallback != null)   winCurPosCallback.release();
  if (winScrollCallback != null)   winScrollCallback.release();
  if (winMouseButtonCallback != null)   winMouseButtonCallback.release();
}","/** 
 * Used to release GLFW callbacks. This is necessary to prevent segmentation fault errors in native code.
 */
private static void releaseCallbacks(){
  if (winSizeCallback != null)   winSizeCallback.release();
  if (winKeyCallback != null)   winKeyCallback.release();
  if (winPosCallback != null)   winPosCallback.release();
  if (winCurPosCallback != null)   winCurPosCallback.release();
  if (winScrollCallback != null)   winScrollCallback.release();
  if (winMouseButtonCallback != null)   winMouseButtonCallback.release();
}","The original code is incorrect because it does not include any documentation explaining the purpose of the `releaseCallbacks` method, which can lead to confusion about its functionality. The fixed code adds a clear comment that describes the method's purpose and highlights the importance of releasing GLFW callbacks to prevent segmentation faults in native code. This improvement enhances code readability and maintainability, making it easier for developers to understand the significance of the method."
97007,"/** 
 * Starts the game. Initiates the game life-cycle and starts the main game-loop.
 */
public void start(){
  running=true;
  Display.create();
  Display.show();
  init();
  final double frameTime=1.0 / targetUPS;
  double currentTime;
  double previousTime;
  double elapsed;
  double lag=0;
  double lastUPSUpdate=0;
  double lastFPSUpdate=0;
  int updatesProcessed=0;
  int framesProcessed=0;
  previousTime=0;
  while (true) {
    if (Display.isCloseRequested() || !isRunning())     break;
    if (Display.wasResized()) {
      GL3Context.viewport(0,0,Display.getWidth(),Display.getHeight());
      resize();
    }
    currentTime=TimeUtils.currentSeconds();
    elapsed=currentTime - previousTime;
    lag+=elapsed;
    while (lag > frameTime) {
      Keyboard.startEventFrame();
      Mouse.startEventFrame();
      update((float)elapsed);
      Keyboard.clearEventFrame();
      Mouse.clearEventFrame();
      updatesProcessed++;
      lag-=frameTime;
      if (currentTime - lastUPSUpdate >= 1000) {
        ups=updatesProcessed;
        updatesProcessed=0;
        lastUPSUpdate=currentTime;
      }
    }
    GL3Context.clear(GL_COLOR_BUFFER_BIT | GL_DEPTH_BUFFER_BIT);
    Texture.setActiveUnit(0);
    render((float)elapsed,batcher);
    framesProcessed++;
    if (currentTime - lastFPSUpdate >= 1000) {
      fps=framesProcessed;
      framesProcessed=0;
      lastFPSUpdate=currentTime;
    }
    Display.update();
    previousTime=currentTime;
  }
  batcher.dispose();
  dispose();
  Display.destroy();
}","/** 
 * Starts the game. Initiates the game life-cycle and starts the main game-loop.
 */
public void start(){
  running=true;
  Display.create();
  Display.show();
  init();
  final double frameTime=1.0 / targetUPS;
  double currentTime;
  double previousTime;
  double elapsed;
  double lag=0;
  double lastUPSUpdate=0;
  double lastFPSUpdate=0;
  int updatesProcessed=0;
  int framesProcessed=0;
  previousTime=0;
  while (true) {
    if (Display.isCloseRequested() || !isRunning())     break;
    if (Display.wasResized()) {
      GL3Context.viewport(0,0,Display.getWidth(),Display.getHeight());
      resize();
    }
    currentTime=TimeUtils.currentSeconds();
    elapsed=currentTime - previousTime;
    lag+=elapsed;
    while (lag > frameTime) {
      Keyboard.startEventFrame();
      Mouse.startEventFrame();
      update((float)elapsed);
      Keyboard.clearEventFrame();
      Mouse.clearEventFrame();
      updatesProcessed++;
      lag-=frameTime;
      if (currentTime - lastUPSUpdate >= 1000) {
        ups=updatesProcessed;
        updatesProcessed=0;
        lastUPSUpdate=currentTime;
      }
    }
    float lagOffset=(float)(lag / frameTime);
    GL3Context.clear(GL_COLOR_BUFFER_BIT | GL_DEPTH_BUFFER_BIT);
    Texture.setActiveUnit(0);
    render(lagOffset,batcher);
    framesProcessed++;
    if (currentTime - lastFPSUpdate >= 1000) {
      fps=framesProcessed;
      framesProcessed=0;
      lastFPSUpdate=currentTime;
    }
    Display.update();
    previousTime=currentTime;
  }
  batcher.dispose();
  dispose();
  Display.destroy();
}","The original code incorrectly passed the elapsed time to the `render` method, which should instead use a lag offset for smoother rendering. The fixed code introduces a `lagOffset` calculation based on the remaining lag divided by the frame time, ensuring that rendering accounts for how far behind the game loop is. This improvement enhances the visual output by synchronizing rendering with the game state, leading to a more consistent and fluid gameplay experience."
97008,"/** 
 * A private method to handle the creation of GLFW windows. Takes care of creating the window with windowing hints, a size, a title, fullscreen or not, parent window to share the context, and whether initially visible or not.
 * @param width    The width of the window
 * @param height   The height of the window
 * @param title    The title of the window
 * @param monitor  The monitor to create the window on
 * @param parent   The parent window, if the context needs to be shared
 * @param visible  Is the window visible upon creation?
 * @return A window handle. (GLFWWindow* as in C++, but this is Java, so a long)
 */
private static long createWindow(int width,int height,String title,long monitor,long parent,boolean visible){
  glfwWindowHint(GLFW_SAMPLES,4);
  glfwWindowHint(GLFW_CONTEXT_VERSION_MAJOR,3);
  glfwWindowHint(GLFW_CONTEXT_VERSION_MINOR,2);
  glfwWindowHint(GLFW_OPENGL_FORWARD_COMPAT,GL_TRUE);
  glfwWindowHint(GLFW_OPENGL_PROFILE,GLFW_OPENGL_CORE_PROFILE);
  glfwWindowHint(GLFW_VISIBLE,visible ? GL_TRUE : GL_FALSE);
  long window=glfwCreateWindow(width,height,title,monitor,parent);
  if (window == NULL)   throw new SilenceException(""String_Node_Str"");
  glfwMakeContextCurrent(window);
  glfwSwapInterval(1);
  GLContext.createFromCurrent();
  glEnable(GL_BLEND);
  glBlendFunc(GL_SRC_ALPHA,GL_ONE_MINUS_SRC_ALPHA);
  glEnable(GL_DEPTH_TEST);
  GLError.check();
  if (Game.getBatcher() == null)   Game.setBatcher(new Batcher());
  if (Program.DEFAULT == null)   Program.loadDefaultProgram();
  if (Texture.EMPTY == null)   Texture.loadNullTexture();
  Program.DEFAULT.use();
  Texture.EMPTY.bind();
  if (winSizeCallback != null)   winSizeCallback.release();
  if (winKeyCallback != null)   winKeyCallback.release();
  if (winPosCallback != null)   winPosCallback.release();
  if (winCurPosCallback != null)   winCurPosCallback.release();
  glfwSetWindowSizeCallback(window,winSizeCallback=GLFWWindowSizeCallback((win,w,h) -> {
    Display.width=width;
    Display.height=height;
    resized=true;
  }
));
  glfwSetKeyCallback(window,winKeyCallback=GLFWKeyCallback((win,key,scanCode,action,mods) -> Keyboard.setKey(key,action != GLFW_RELEASE)));
  glfwSetWindowPosCallback(window,winPosCallback=GLFWWindowPosCallback((win,xPos,yPos) -> {
    Display.posX=xPos;
    Display.posY=yPos;
  }
));
  glfwSetCursorPosCallback(window,winCurPosCallback=GLFWCursorPosCallback((win,xPos,yPos) -> {
    mouseX=(int)xPos;
    mouseY=(int)yPos;
  }
));
  return window;
}","/** 
 * A private method to handle the creation of GLFW windows. Takes care of creating the window with windowing hints, a size, a title, fullscreen or not, parent window to share the context, and whether initially visible or not.
 * @param width    The width of the window
 * @param height   The height of the window
 * @param title    The title of the window
 * @param monitor  The monitor to create the window on
 * @param parent   The parent window, if the context needs to be shared
 * @param visible  Is the window visible upon creation?
 * @return A window handle. (GLFWWindow* as in C++, but this is Java, so a long)
 */
private static long createWindow(int width,int height,String title,long monitor,long parent,boolean visible){
  glfwWindowHint(GLFW_SAMPLES,4);
  glfwWindowHint(GLFW_CONTEXT_VERSION_MAJOR,3);
  glfwWindowHint(GLFW_CONTEXT_VERSION_MINOR,2);
  glfwWindowHint(GLFW_OPENGL_FORWARD_COMPAT,GL_TRUE);
  glfwWindowHint(GLFW_OPENGL_PROFILE,GLFW_OPENGL_CORE_PROFILE);
  glfwWindowHint(GLFW_VISIBLE,visible ? GL_TRUE : GL_FALSE);
  long window=glfwCreateWindow(width,height,title,monitor,parent);
  if (window == NULL)   throw new SilenceException(""String_Node_Str"");
  glfwMakeContextCurrent(window);
  glfwSwapInterval(1);
  GLContext.createFromCurrent();
  glEnable(GL_BLEND);
  glBlendFunc(GL_SRC_ALPHA,GL_ONE_MINUS_SRC_ALPHA);
  glEnable(GL_DEPTH_TEST);
  GLError.check();
  if (Game.getBatcher() == null)   Game.setBatcher(new Batcher());
  if (Program.DEFAULT == null)   Program.loadDefaultProgram();
  if (Texture.EMPTY == null)   Texture.loadNullTexture();
  Program.CURRENT=null;
  Texture.CURRENT=null;
  Program.DEFAULT.use();
  Texture.EMPTY.bind();
  if (winSizeCallback != null)   winSizeCallback.release();
  if (winKeyCallback != null)   winKeyCallback.release();
  if (winPosCallback != null)   winPosCallback.release();
  if (winCurPosCallback != null)   winCurPosCallback.release();
  glfwSetWindowSizeCallback(window,winSizeCallback=GLFWWindowSizeCallback((win,w,h) -> {
    Display.width=width;
    Display.height=height;
    resized=true;
  }
));
  glfwSetKeyCallback(window,winKeyCallback=GLFWKeyCallback((win,key,scanCode,action,mods) -> Keyboard.setKey(key,action != GLFW_RELEASE)));
  glfwSetWindowPosCallback(window,winPosCallback=GLFWWindowPosCallback((win,xPos,yPos) -> {
    Display.posX=xPos;
    Display.posY=yPos;
  }
));
  glfwSetCursorPosCallback(window,winCurPosCallback=GLFWCursorPosCallback((win,xPos,yPos) -> {
    mouseX=(int)xPos;
    mouseY=(int)yPos;
  }
));
  return window;
}","The original code incorrectly referenced `Program.DEFAULT` and `Texture.EMPTY` for default program and texture handling, which could lead to null pointer issues if not initialized. The fixed code sets `Program.CURRENT` and `Texture.CURRENT` to null, ensuring proper context management without relying on potentially uninitialized variables. This change improves stability by preventing potential crashes related to uninitialized state and ensures that the program and texture context are correctly managed during window creation."
97009,"/** 
 * Initialises VAOs and VBOs and creates the data store to store the entire batch.
 */
private void initGLHandles(){
  vao=new VertexArrayObject();
  vao.bind();
  vboVert=new VertexBufferObject(GL_ARRAY_BUFFER);
  vboCol=new VertexBufferObject(GL_ARRAY_BUFFER);
  vboTex=new VertexBufferObject(GL_ARRAY_BUFFER);
  vboVert.bind();
  vboVert.uploadData(SIZE_OF_VERTEX * MAX_VERTICES_IN_BATCH,GL_STREAM_DRAW);
  vboCol.bind();
  vboCol.uploadData(SIZE_OF_COLOR * MAX_VERTICES_IN_BATCH,GL_STREAM_DRAW);
  vboTex.bind();
  vboTex.uploadData(SIZE_OF_TEXCOORD * MAX_VERTICES_IN_BATCH,GL_STREAM_DRAW);
}","/** 
 * Initialises VAOs and VBOs and creates the data store to store the entire batch.
 */
private void initGLHandles(){
  vao=new VertexArrayObject();
  vao.bind();
  vboVert=new VertexBufferObject(GL_ARRAY_BUFFER);
  vboCol=new VertexBufferObject(GL_ARRAY_BUFFER);
  vboTex=new VertexBufferObject(GL_ARRAY_BUFFER);
  vboNorm=new VertexBufferObject(GL_ARRAY_BUFFER);
  vboVert.bind();
  vboVert.uploadData(SIZE_OF_VERTEX * MAX_VERTICES_IN_BATCH,GL_STREAM_DRAW);
  vboCol.bind();
  vboCol.uploadData(SIZE_OF_COLOR * MAX_VERTICES_IN_BATCH,GL_STREAM_DRAW);
  vboTex.bind();
  vboTex.uploadData(SIZE_OF_TEXCOORD * MAX_VERTICES_IN_BATCH,GL_STREAM_DRAW);
  vboNorm.bind();
  vboNorm.uploadData(SIZE_OF_NORMAL * MAX_VERTICES_IN_BATCH,GL_STREAM_DRAW);
}","The original code is incorrect because it does not initialize a Vertex Buffer Object (VBO) for normals, which are essential for proper lighting and shading in 3D graphics. The fixed code adds a new VBO for normals (`vboNorm`) and uploads the appropriate data, ensuring all necessary vertex attributes are accounted for. This improvement enhances the rendering capabilities of the application by enabling proper handling of normal data, leading to more realistic visual effects."
97010,"/** 
 * Uploads the data collected to the OpenGL buffers.
 */
private void uploadData(){
  vboVert.bind();
  vboVert.uploadSubData(vBuffer,0);
  vao.pointAttribute(0,4,GL_FLOAT,vboVert);
  vboCol.bind();
  vboCol.uploadSubData(cBuffer,0);
  vao.pointAttribute(1,4,GL_FLOAT,vboCol);
  vboTex.bind();
  vboTex.uploadSubData(tBuffer,0);
  vao.pointAttribute(2,2,GL_FLOAT,vboTex);
}","/** 
 * Uploads the data collected to the OpenGL buffers.
 */
private void uploadData(){
  vboVert.bind();
  vboVert.uploadSubData(vBuffer,0);
  vao.pointAttribute(vertexLocation,4,GL_FLOAT,vboVert);
  vboCol.bind();
  vboCol.uploadSubData(cBuffer,0);
  vao.pointAttribute(colorLocation,4,GL_FLOAT,vboCol);
  vboTex.bind();
  vboTex.uploadSubData(tBuffer,0);
  vao.pointAttribute(texCoordLocation,2,GL_FLOAT,vboTex);
  vboNorm.bind();
  vboNorm.uploadSubData(nBuffer,0);
  vao.pointAttribute(normalLocation,4,GL_FLOAT,vboNorm);
}","The original code incorrectly uses hardcoded attribute indices (0, 1, 2) for vertex, color, and texture coordinates, which may lead to conflicts if the shader attributes are rearranged. The fixed code replaces these indices with named constants (vertexLocation, colorLocation, texCoordLocation), ensuring that the correct attributes are bound according to their defined locations. This change improves maintainability and reduces errors related to attribute indexing during shader modifications."
97011,"/** 
 * Flushes the data collected to the GPU.
 */
public void flush(){
  if (vertexCount == 0)   return;
  fillBuffers();
  Program.CURRENT.setupUniforms();
  vBuffer.flip();
  cBuffer.flip();
  tBuffer.flip();
  vao.bind();
  vao.enableAttributeArray(0);
  vao.enableAttributeArray(1);
  vao.enableAttributeArray(2);
  uploadData();
  glDrawArrays(beginMode.getGlPrimitive(),0,vertexCount);
  GLError.check();
  vao.disableAttributeArray(0);
  vao.disableAttributeArray(1);
  vao.disableAttributeArray(2);
  glBindVertexArray(0);
  GLError.check();
  vBuffer.clear();
  cBuffer.clear();
  tBuffer.clear();
  vertexCount=0;
  colorCount=0;
  texCoordCount=0;
}","/** 
 * Flushes the data collected to the GPU.
 */
public void flush(){
  if (vertexCount == 0)   return;
  fillBuffers();
  Program.CURRENT.prepareFrame();
  vBuffer.flip();
  cBuffer.flip();
  tBuffer.flip();
  nBuffer.flip();
  vao.bind();
  vao.enableAttributeArray(vertexLocation);
  vao.enableAttributeArray(colorLocation);
  vao.enableAttributeArray(texCoordLocation);
  vao.enableAttributeArray(normalLocation);
  uploadData();
  glDrawArrays(beginMode.getGlPrimitive(),0,vertexCount);
  GLError.check();
  vao.disableAttributeArray(vertexLocation);
  vao.disableAttributeArray(colorLocation);
  vao.disableAttributeArray(texCoordLocation);
  vao.disableAttributeArray(normalLocation);
  glBindVertexArray(0);
  GLError.check();
  vBuffer.clear();
  cBuffer.clear();
  tBuffer.clear();
  nBuffer.clear();
  vertexCount=0;
  colorCount=0;
  texCoordCount=0;
  normalCount=0;
}","The original code is incorrect because it does not handle normal data, which is essential for proper rendering in 3D graphics. In the fixed code, attributes for normals are added, and the method `prepareFrame()` replaces `setupUniforms()` to correctly set up the rendering context. This improvement ensures that all necessary vertex attributes are processed, leading to accurate rendering and better visual output."
97012,"/** 
 * Creates the Batcher, and initialises OpenGL
 */
public Batcher(){
  vBuffer=BufferUtils.createFloatBuffer(SIZE_OF_VERTEX * MAX_VERTICES_IN_BATCH);
  cBuffer=BufferUtils.createFloatBuffer(SIZE_OF_COLOR * MAX_VERTICES_IN_BATCH);
  tBuffer=BufferUtils.createFloatBuffer(SIZE_OF_TEXCOORD * MAX_VERTICES_IN_BATCH);
  transform=new Transform();
  initGLHandles();
}","/** 
 * Creates the Batcher, and initialises OpenGL
 */
public Batcher(){
  vBuffer=BufferUtils.createFloatBuffer(SIZE_OF_VERTEX * MAX_VERTICES_IN_BATCH);
  cBuffer=BufferUtils.createFloatBuffer(SIZE_OF_COLOR * MAX_VERTICES_IN_BATCH);
  tBuffer=BufferUtils.createFloatBuffer(SIZE_OF_TEXCOORD * MAX_VERTICES_IN_BATCH);
  nBuffer=BufferUtils.createFloatBuffer(SIZE_OF_NORMAL * MAX_VERTICES_IN_BATCH);
  transform=new Transform();
  initGLHandles();
}","The original code is incorrect because it fails to allocate a buffer for normals, which are essential for proper lighting and shading in OpenGL rendering. The fixed code adds `nBuffer`, which creates a FloatBuffer for normals, ensuring that all necessary vertex attributes are accounted for. This improvement allows the Batcher to handle lighting calculations correctly, enhancing the visual fidelity of rendered objects."
97013,"private void fillBuffers(){
  Color col=texCoordCount == vertexCount ? Color.TRANSPARENT : Color.WHITE;
  while (colorCount < vertexCount) {
    cBuffer.put(col.getR()).put(col.getG()).put(col.getB()).put(col.getA());
    colorCount++;
  }
  while (texCoordCount < vertexCount) {
    tBuffer.put(0).put(0);
    texCoordCount++;
  }
}","private void fillBuffers(){
  Color col=texCoordCount == vertexCount ? Color.TRANSPARENT : Color.WHITE;
  while (colorCount < vertexCount) {
    cBuffer.put(col.getR()).put(col.getG()).put(col.getB()).put(col.getA());
    colorCount++;
  }
  while (texCoordCount < vertexCount) {
    tBuffer.put(0).put(0);
    texCoordCount++;
  }
  while (normalCount < vertexCount) {
    nBuffer.put(0).put(0).put(0).put(0);
    normalCount++;
  }
}","The original code is incorrect because it fails to fill the normal buffer, which may lead to uninitialized normals in the vertex data. The fixed code adds a loop to populate the normal buffer with default values, ensuring that all vertex attributes are initialized properly. This improvement prevents potential graphical issues and enhances the rendering quality by ensuring that all vertex data is complete and consistent."
97014,"public void drawString(Batcher b,String text,float x,float y,Color col){
  Texture current=Texture.CURRENT;
  b.begin();
{
    fontTexture.bind();
    float startX=x;
    for (    char ch : text.toCharArray()) {
      FontChar c=chars[(int)ch];
      if (ch == '\n') {
        y+=fontMetrics.getHeight();
        x=startX;
        continue;
      }
      float minU=c.x / fontTexture.getWidth();
      float maxU=(c.x + c.w + 2) / fontTexture.getWidth();
      float minV=c.y / fontTexture.getHeight();
      float maxV=(c.y + c.h) / fontTexture.getHeight();
      b.drawTexture2d(fontTexture.getSubTexture(minU,minV,maxU,maxV),new Vector2(x,y),col);
      x+=c.w;
    }
  }
  b.end();
  current.bind();
}","public void drawString(Batcher b,String text,float x,float y,Color col){
  Texture current=Texture.CURRENT;
  b.begin();
{
    fontTexture.bind();
    float startX=x;
    for (    char ch : text.toCharArray()) {
      FontChar c=chars[(int)ch];
      if (ch == '\n') {
        y+=fontMetrics.getHeight();
        x=startX;
        continue;
      }
      float minU=c.x / fontTexture.getWidth();
      float maxU=(c.x + c.w) / fontTexture.getWidth();
      float minV=c.y / fontTexture.getHeight();
      float maxV=(c.y + c.h) / fontTexture.getHeight();
      b.drawTexture2d(fontTexture.getSubTexture(minU,minV,maxU,maxV),new Vector2(x,y),col);
      x+=c.w;
    }
  }
  b.end();
  current.bind();
}","The original code incorrectly calculates the maximum U texture coordinate by adding 2 to the character width, which can lead to incorrect rendering of the character. The fixed code removes this unnecessary addition, ensuring that the texture coordinates accurately represent the character's dimensions. This correction improves the visual output by rendering the characters properly without extra spacing, resulting in a cleaner and more precise text display."
97015,"public void use(){
  if (CURRENT == this)   return;
  if (disposed)   throw new GLException(""String_Node_Str"");
  glUseProgram(id);
  GLError.check();
  CURRENT=this;
  setupUniforms();
}","public void use(){
  if (CURRENT == this)   return;
  if (disposed)   throw new GLException(""String_Node_Str"");
  glUseProgram(id);
  GLError.check();
  CURRENT=this;
  prepareFrame();
}","The original code calls `setupUniforms()`, which may not be appropriate for the current context and could lead to incorrect behavior. The fixed code replaces it with `prepareFrame()`, ensuring that the necessary preparations for rendering are properly handled. This change enhances the code's functionality by ensuring that the correct setup procedures are executed, improving overall stability and performance during rendering."
97016,"public static void init(){
  transform=new Transform();
  children=new ArrayList<>();
}","public static void init(){
  transform=new Transform();
  children=new ArrayList<>();
  Program.CURRENT=null;
  Texture.CURRENT=null;
  Program.DEFAULT.use();
  Texture.EMPTY.bind();
}","The original code is incorrect because it does not initialize necessary static references, which could lead to null pointer exceptions when attempting to use them. The fixed code initializes `Program.CURRENT` and `Texture.CURRENT` to null and ensures proper setup by calling `Program.DEFAULT.use()` and `Texture.EMPTY.bind()`. This improves the code by ensuring that all required states are explicitly set, preventing potential runtime errors and establishing a consistent rendering environment."
97017,"public Circle(float x,float y,float radius){
  this.x=x;
  this.y=y;
  this.radius=radius;
}","public Circle(float x,float y,float radius){
  this.x=x;
  this.y=y;
  this.radius=radius;
  setPosition(new Vector2(x,y));
  updateVertices();
}","The original code only initializes the circle's position and radius without updating its internal state or visual representation. The fixed code adds calls to `setPosition` and `updateVertices`, ensuring the circle's position is correctly set and its graphical representation is updated based on the new parameters. This enhances the functionality by ensuring that any visual components dependent on the circle's position and shape are accurately rendered after instantiation."
97018,"public void setY(float y){
  this.y=y;
}","public void setY(float y){
  this.y=y;
  setPosition(new Vector2(x,y));
}","The original code only updates the y-coordinate of the object without considering its position in a 2D space. The fixed code not only updates the y-coordinate but also calls `setPosition(new Vector2(x,y))` to ensure the object's position reflects the new y value, maintaining proper spatial representation. This improvement ensures that both the y-coordinate and the overall position are consistently updated, preventing potential mismatches between the object's properties."
97019,"public void setX(float x){
  this.x=x;
}","public void setX(float x){
  this.x=x;
  setPosition(new Vector2(x,y));
}","The original code only updates the variable `x` without adjusting the object's position, which could lead to inconsistencies in the object's state. The fixed code adds a call to `setPosition(new Vector2(x,y))`, ensuring that the position is updated whenever `x` is changed, maintaining the object's integrity. This improvement enhances the functionality by ensuring that changes to `x` automatically reflect in the object's position, thus preventing potential bugs related to position misalignment."
97020,"public boolean intersects(Circle c){
  return (x * c.x + y * c.y) <= (radius + c.radius) * (radius + c.radius);
}","public boolean intersects(Polygon p){
  if (p instanceof Circle) {
    Circle c=(Circle)p;
    return (((x - c.x) * (x - c.x)) + ((y - c.y) * (y - c.y))) < (radius + c.radius) * (radius + c.radius);
  }
 else   return super.intersects(p);
}","The original code incorrectly checks for intersection between a circle and another circle by using dot product instead of calculating the distance between their centers. The fixed code computes the squared distance between the circle's centers and compares it to the squared sum of their radii, ensuring the correct intersection logic. This improvement allows for accurate intersection detection by directly applying the geometric principle of distance and avoids false positives from the original approach."
97021,"public void setRadius(float radius){
  this.radius=radius;
}","public void setRadius(float radius){
  this.radius=radius;
  updateVertices();
}","The original code is incorrect because it only sets the radius without updating any related properties or components that depend on it. The fixed code adds a call to `updateVertices()` after setting the radius, ensuring that any graphical representation or calculations relying on the radius are recalibrated accordingly. This improvement enhances the code's functionality by maintaining consistency and accuracy in the object's state after a radius change."
97022,"public void setY(float y){
  this.y=y;
}","public void setY(float y){
  this.y=y;
  setPosition(new Vector2(x,y));
}","The original code only updates the `y` coordinate without considering the `x` coordinate, potentially leading to an inconsistent position. The fixed code not only updates `y` but also calls `setPosition(new Vector2(x,y))`, ensuring that both coordinates are set together. This improvement maintains the integrity of the object's position in space, making the behavior more predictable and reliable."
97023,"public void setX(float x){
  this.x=x;
}","public void setX(float x){
  this.x=x;
  setPosition(new Vector2(x,y));
}","The original code only updates the `x` value without adjusting the position of the object, which can lead to inconsistencies in its state. The fixed code not only sets `x`, but also updates the position by calling `setPosition(new Vector2(x,y))`, ensuring that the object's position reflects the new `x` value. This improvement enhances the integrity of the object's state, maintaining consistency between its coordinates and position."
97024,"public boolean intersects(Rectangle r){
  return (x < r.x + r.width) && (r.x < x + width) && (y < r.y + r.height)&& (r.y < y + height);
}","public boolean intersects(Polygon p){
  if (p instanceof Rectangle) {
    Rectangle r=(Rectangle)p;
    return (x < r.x + r.width) && (r.x < x + width) && (y < r.y + r.height)&& (r.y < y + height);
  }
 else   return super.intersects(p);
}","The original code incorrectly assumes that only rectangles can be checked for intersection, leading to potential errors when a polygon is passed. The fixed code checks if the polygon is an instance of a rectangle and then performs the intersection check, allowing for correct behavior with both rectangles and other polygon types. This improves robustness by ensuring that intersection checks are valid for various polygon shapes, enhancing the method's functionality."
97025,"public Rectangle(float x,float y,float width,float height){
  this.x=x;
  this.y=y;
  this.width=width;
  this.height=height;
}","public Rectangle(float x,float y,float width,float height){
  this.x=x;
  this.y=y;
  this.width=width;
  this.height=height;
  setPosition(new Vector2(x,y));
  updateVertices();
}","The original code is incorrect because it initializes the rectangle's properties without updating its position and vertices, which may lead to inconsistent state. The fixed code adds calls to `setPosition(new Vector2(x,y))` and `updateVertices()` to ensure that the rectangle is correctly positioned and its graphical representation is updated. This improves the code by ensuring that any graphical or spatial operations involving the rectangle will have accurate and up-to-date data."
97026,"public void setWidth(float width){
  this.width=width;
}","public void setWidth(float width){
  this.width=width;
  updateVertices();
}","The original code is incorrect because it only sets the width without updating the associated geometry or state, potentially leading to inconsistencies in rendering or layout. The fixed code adds a call to `updateVertices()` after setting the width, ensuring that any dependent calculations or visuals are refreshed accordingly. This improvement ensures that changes in width are accurately reflected in the object's representation, enhancing reliability and performance."
97027,"public void setHeight(float height){
  this.height=height;
}","public void setHeight(float height){
  this.height=height;
  updateVertices();
}","The original code is incorrect because it only sets the height without considering the impact on the object's geometry. The fixed code adds a call to `updateVertices()` after updating the height, ensuring the object's shape is recalculated based on the new height. This improvement ensures that any visual representation or related calculations are accurate and up-to-date, enhancing the object's functionality."
97028,"@Override public boolean equals(Object o){
  if (this == o)   return true;
  if (o == null || getClass() != o.getClass())   return false;
  Entity2D entity2D=(Entity2D)o;
  if (!polygon.equals(entity2D.polygon))   return false;
  if (!position.equals(entity2D.position))   return false;
  if (!velocity.equals(entity2D.velocity))   return false;
  return true;
}","@Override public boolean equals(Object o){
  if (this == o)   return true;
  if (o == null || getClass() != o.getClass())   return false;
  Entity2D entity2D=(Entity2D)o;
  return polygon.equals(entity2D.polygon) && position.equals(entity2D.position) && velocity.equals(entity2D.velocity);
}","The original code incorrectly uses multiple conditional checks followed by separate return statements, which can lead to redundancy and make the logic harder to follow. The fixed code consolidates these checks into a single return statement using logical AND, making the equality logic concise and clearer. This improvement enhances readability and maintainability while ensuring that all conditions are evaluated in one expression."
97029,"public Circle(float x,float y,float radius){
  this.radius=radius;
  setCenter(new Vector2(x,y));
  updateVertices();
}","public Circle(float x,float y,float radius){
  this.radius=radius;
  updateVertices();
  setCenter(new Vector2(x,y));
}","The original code is incorrect because it calls `setCenter` before updating the vertices, which may lead to incorrect vertex positions based on the circle's center. The fixed code updates the vertices after setting the center, ensuring that the vertices reflect the correct position of the circle. This change improves the accuracy of the circle's representation, guaranteeing that the visual output matches the specified center and radius."
