buggy_code,fixed_code,explanation
"private final void realStartServiceLocked(ServiceRecord r,ProcessRecord app,boolean execInFg) throws RemoteException {
  if (app.thread == null) {
    throw new RemoteException();
  }
  if (DEBUG_MU)   Slog.v(TAG_MU,""String_Node_Str"" + r.appInfo.uid + ""String_Node_Str""+ app.uid);
  r.app=app;
  r.restartTime=r.lastActivity=SystemClock.uptimeMillis();
  app.services.add(r);
  bumpServiceExecutingLocked(r,execInFg,""String_Node_Str"");
  mAm.updateLruProcessLocked(app,false,null);
  mAm.updateOomAdjLocked();
  boolean created=false;
  try {
    String nameTerm;
    int lastPeriod=r.shortName.lastIndexOf('.');
    nameTerm=lastPeriod >= 0 ? r.shortName.substring(lastPeriod) : r.shortName;
    EventLogTags.writeAmCreateService(r.userId,System.identityHashCode(r),nameTerm,r.app.uid,r.app.pid);
synchronized (r.stats.getBatteryStats()) {
      r.stats.startLaunchedLocked();
    }
    mAm.ensurePackageDexOpt(r.serviceInfo.packageName);
    app.forceProcessStateUpTo(ActivityManager.PROCESS_STATE_SERVICE);
    app.thread.scheduleCreateService(r,r.serviceInfo,mAm.compatibilityInfoForPackageLocked(r.serviceInfo.applicationInfo),app.repProcState);
    r.postNotification();
    created=true;
  }
  finally {
    if (!created) {
      app.services.remove(r);
      r.app=null;
      scheduleServiceRestartLocked(r,false);
    }
  }
  requestServiceBindingsLocked(r,execInFg);
  if (r.startRequested && r.callStart && r.pendingStarts.size() == 0) {
    r.pendingStarts.add(new ServiceRecord.StartItem(r,false,r.makeNextStartId(),null,null));
  }
  sendServiceArgsLocked(r,execInFg,true);
  if (r.delayed) {
    if (DEBUG_DELAYED_STATS)     Slog.v(TAG,""String_Node_Str"" + r);
    getServiceMap(r.userId).mDelayedStartList.remove(r);
    r.delayed=false;
  }
  if (r.delayedStop) {
    r.delayedStop=false;
    if (r.startRequested) {
      if (DEBUG_DELAYED_STATS)       Slog.v(TAG,""String_Node_Str"" + r);
      stopServiceLocked(r);
    }
  }
}","private final void realStartServiceLocked(ServiceRecord r,ProcessRecord app,boolean execInFg) throws RemoteException {
  if (app.thread == null) {
    throw new RemoteException();
  }
  if (DEBUG_MU)   Slog.v(TAG_MU,""String_Node_Str"" + r.appInfo.uid + ""String_Node_Str""+ app.uid);
  r.app=app;
  r.restartTime=r.lastActivity=SystemClock.uptimeMillis();
  app.services.add(r);
  bumpServiceExecutingLocked(r,execInFg,""String_Node_Str"");
  mAm.updateLruProcessLocked(app,false,null);
  mAm.updateOomAdjLocked();
  boolean created=false;
  try {
    String nameTerm;
    int lastPeriod=r.shortName.lastIndexOf('.');
    nameTerm=lastPeriod >= 0 ? r.shortName.substring(lastPeriod) : r.shortName;
    EventLogTags.writeAmCreateService(r.userId,System.identityHashCode(r),nameTerm,r.app.uid,r.app.pid);
synchronized (r.stats.getBatteryStats()) {
      r.stats.startLaunchedLocked();
    }
    mAm.ensurePackageDexOpt(r.serviceInfo.packageName);
    app.forceProcessStateUpTo(ActivityManager.PROCESS_STATE_SERVICE);
    app.thread.scheduleCreateService(r,r.serviceInfo,mAm.compatibilityInfoForPackageLocked(r.serviceInfo.applicationInfo),app.repProcState);
    r.postNotification();
    created=true;
  }
  finally {
    if (!created) {
      app.services.remove(r);
      r.app=null;
      scheduleServiceRestartLocked(r,false);
    }
  }
  requestServiceBindingsLocked(r,execInFg);
  if (r.startRequested && r.callStart && r.pendingStarts.size() == 0) {
    r.pendingStarts.add(new ServiceRecord.StartItem(r,false,r.makeNextStartId(),null,null));
  }
  sendServiceArgsLocked(r,execInFg,true);
  if (r.delayed) {
    if (DEBUG_DELAYED_STARTS)     Slog.v(TAG,""String_Node_Str"" + r);
    getServiceMap(r.userId).mDelayedStartList.remove(r);
    r.delayed=false;
  }
  if (r.delayedStop) {
    r.delayedStop=false;
    if (r.startRequested) {
      if (DEBUG_DELAYED_STARTS)       Slog.v(TAG,""String_Node_Str"" + r);
      stopServiceLocked(r);
    }
  }
}",The fixed code corrects a typo by changing `DEBUG_DELAYED_STATS` to `DEBUG_DELAYED
"private final String bringUpServiceLocked(ServiceRecord r,int intentFlags,boolean execInFg,boolean whileRestarting){
  if (r.app != null && r.app.thread != null) {
    sendServiceArgsLocked(r,execInFg,false);
    return null;
  }
  if (!whileRestarting && r.restartDelay > 0) {
    return null;
  }
  if (DEBUG_SERVICE)   Slog.v(TAG,""String_Node_Str"" + r + ""String_Node_Str""+ r.intent);
  if (mRestartingServices.remove(r)) {
    clearRestartingIfNeededLocked(r);
  }
  if (r.delayed) {
    if (DEBUG_DELAYED_STATS)     Slog.v(TAG,""String_Node_Str"" + r);
    getServiceMap(r.userId).mDelayedStartList.remove(r);
    r.delayed=false;
  }
  if (mAm.mStartedUsers.get(r.userId) == null) {
    String msg=""String_Node_Str"" + r.appInfo.packageName + ""String_Node_Str""+ r.appInfo.uid+ ""String_Node_Str""+ r.intent.getIntent()+ ""String_Node_Str""+ r.userId+ ""String_Node_Str"";
    Slog.w(TAG,msg);
    bringDownServiceLocked(r);
    return msg;
  }
  try {
    AppGlobals.getPackageManager().setPackageStoppedState(r.packageName,false,r.userId);
  }
 catch (  RemoteException e) {
  }
catch (  IllegalArgumentException e) {
    Slog.w(TAG,""String_Node_Str"" + r.packageName + ""String_Node_Str""+ e);
  }
  final boolean isolated=(r.serviceInfo.flags & ServiceInfo.FLAG_ISOLATED_PROCESS) != 0;
  final String procName=r.processName;
  ProcessRecord app;
  if (!isolated) {
    app=mAm.getProcessRecordLocked(procName,r.appInfo.uid,false);
    if (DEBUG_MU)     Slog.v(TAG_MU,""String_Node_Str"" + r.appInfo.uid + ""String_Node_Str""+ app);
    if (app != null && app.thread != null) {
      try {
        app.addPackage(r.appInfo.packageName,mAm.mProcessStats);
        realStartServiceLocked(r,app,execInFg);
        return null;
      }
 catch (      RemoteException e) {
        Slog.w(TAG,""String_Node_Str"" + r.shortName,e);
      }
    }
  }
 else {
    app=r.isolatedProc;
  }
  if (app == null) {
    if ((app=mAm.startProcessLocked(procName,r.appInfo,true,intentFlags,""String_Node_Str"",r.name,false,isolated,false)) == null) {
      String msg=""String_Node_Str"" + r.appInfo.packageName + ""String_Node_Str""+ r.appInfo.uid+ ""String_Node_Str""+ r.intent.getIntent()+ ""String_Node_Str"";
      Slog.w(TAG,msg);
      bringDownServiceLocked(r);
      return msg;
    }
    if (isolated) {
      r.isolatedProc=app;
    }
  }
  if (!mPendingServices.contains(r)) {
    mPendingServices.add(r);
  }
  if (r.delayedStop) {
    r.delayedStop=false;
    if (r.startRequested) {
      if (DEBUG_DELAYED_STATS)       Slog.v(TAG,""String_Node_Str"" + r);
      stopServiceLocked(r);
    }
  }
  return null;
}","private final String bringUpServiceLocked(ServiceRecord r,int intentFlags,boolean execInFg,boolean whileRestarting){
  if (r.app != null && r.app.thread != null) {
    sendServiceArgsLocked(r,execInFg,false);
    return null;
  }
  if (!whileRestarting && r.restartDelay > 0) {
    return null;
  }
  if (DEBUG_SERVICE)   Slog.v(TAG,""String_Node_Str"" + r + ""String_Node_Str""+ r.intent);
  if (mRestartingServices.remove(r)) {
    clearRestartingIfNeededLocked(r);
  }
  if (r.delayed) {
    if (DEBUG_DELAYED_STARTS)     Slog.v(TAG,""String_Node_Str"" + r);
    getServiceMap(r.userId).mDelayedStartList.remove(r);
    r.delayed=false;
  }
  if (mAm.mStartedUsers.get(r.userId) == null) {
    String msg=""String_Node_Str"" + r.appInfo.packageName + ""String_Node_Str""+ r.appInfo.uid+ ""String_Node_Str""+ r.intent.getIntent()+ ""String_Node_Str""+ r.userId+ ""String_Node_Str"";
    Slog.w(TAG,msg);
    bringDownServiceLocked(r);
    return msg;
  }
  try {
    AppGlobals.getPackageManager().setPackageStoppedState(r.packageName,false,r.userId);
  }
 catch (  RemoteException e) {
  }
catch (  IllegalArgumentException e) {
    Slog.w(TAG,""String_Node_Str"" + r.packageName + ""String_Node_Str""+ e);
  }
  final boolean isolated=(r.serviceInfo.flags & ServiceInfo.FLAG_ISOLATED_PROCESS) != 0;
  final String procName=r.processName;
  ProcessRecord app;
  if (!isolated) {
    app=mAm.getProcessRecordLocked(procName,r.appInfo.uid,false);
    if (DEBUG_MU)     Slog.v(TAG_MU,""String_Node_Str"" + r.appInfo.uid + ""String_Node_Str""+ app);
    if (app != null && app.thread != null) {
      try {
        app.addPackage(r.appInfo.packageName,mAm.mProcessStats);
        realStartServiceLocked(r,app,execInFg);
        return null;
      }
 catch (      RemoteException e) {
        Slog.w(TAG,""String_Node_Str"" + r.shortName,e);
      }
    }
  }
 else {
    app=r.isolatedProc;
  }
  if (app == null) {
    if ((app=mAm.startProcessLocked(procName,r.appInfo,true,intentFlags,""String_Node_Str"",r.name,false,isolated,false)) == null) {
      String msg=""String_Node_Str"" + r.appInfo.packageName + ""String_Node_Str""+ r.appInfo.uid+ ""String_Node_Str""+ r.intent.getIntent()+ ""String_Node_Str"";
      Slog.w(TAG,msg);
      bringDownServiceLocked(r);
      return msg;
    }
    if (isolated) {
      r.isolatedProc=app;
    }
  }
  if (!mPendingServices.contains(r)) {
    mPendingServices.add(r);
  }
  if (r.delayedStop) {
    r.delayedStop=false;
    if (r.startRequested) {
      if (DEBUG_DELAYED_STARTS)       Slog.v(TAG,""String_Node_Str"" + r);
      stopServiceLocked(r);
    }
  }
  return null;
}","The fixed code is correct because it corrects a typo in the variable name ""DEBUG_DELAYED_STATS"
"void rescheduleDelayedStarts(){
  removeMessages(MSG_BG_START_TIMEOUT);
  final long now=SystemClock.uptimeMillis();
  for (int i=0, N=mStartingBackground.size(); i < N; i++) {
    ServiceRecord r=mStartingBackground.get(i);
    if (r.startingBgTimeout <= now) {
      Slog.i(TAG,""String_Node_Str"" + r);
      mStartingBackground.remove(i);
      N--;
    }
  }
  while (mDelayedStartList.size() > 0 && mStartingBackground.size() < mMaxStartingBackground) {
    ServiceRecord r=mDelayedStartList.remove(0);
    if (DEBUG_DELAYED_STATS)     Slog.v(TAG,""String_Node_Str"" + r);
    if (r.pendingStarts.size() <= 0) {
      Slog.w(TAG,""String_Node_Str"" + r + ""String_Node_Str""+ r.startRequested+ ""String_Node_Str""+ r.delayedStop);
    }
    if (DEBUG_DELAYED_SERVICE) {
      if (mDelayedStartList.size() > 0) {
        Slog.v(TAG,""String_Node_Str"");
        for (int i=0; i < mDelayedStartList.size(); i++) {
          Slog.v(TAG,""String_Node_Str"" + i + ""String_Node_Str""+ mDelayedStartList.get(i));
        }
      }
    }
    r.delayed=false;
    startServiceInnerLocked(this,r.pendingStarts.get(0).intent,r,false,true);
  }
  if (mStartingBackground.size() > 0) {
    ServiceRecord next=mStartingBackground.get(0);
    long when=next.startingBgTimeout > now ? next.startingBgTimeout : now;
    if (DEBUG_DELAYED_SERVICE)     Slog.v(TAG,""String_Node_Str"" + next + ""String_Node_Str""+ when);
    Message msg=obtainMessage(MSG_BG_START_TIMEOUT);
    sendMessageAtTime(msg,when);
  }
  if (mStartingBackground.size() < mMaxStartingBackground) {
    mAm.backgroundServicesFinishedLocked(mUserId);
  }
}","void rescheduleDelayedStarts(){
  removeMessages(MSG_BG_START_TIMEOUT);
  final long now=SystemClock.uptimeMillis();
  for (int i=0, N=mStartingBackground.size(); i < N; i++) {
    ServiceRecord r=mStartingBackground.get(i);
    if (r.startingBgTimeout <= now) {
      Slog.i(TAG,""String_Node_Str"" + r);
      mStartingBackground.remove(i);
      N--;
    }
  }
  while (mDelayedStartList.size() > 0 && mStartingBackground.size() < mMaxStartingBackground) {
    ServiceRecord r=mDelayedStartList.remove(0);
    if (DEBUG_DELAYED_STARTS)     Slog.v(TAG,""String_Node_Str"" + r);
    if (r.pendingStarts.size() <= 0) {
      Slog.w(TAG,""String_Node_Str"" + r + ""String_Node_Str""+ r.startRequested+ ""String_Node_Str""+ r.delayedStop);
    }
    if (DEBUG_DELAYED_SERVICE) {
      if (mDelayedStartList.size() > 0) {
        Slog.v(TAG,""String_Node_Str"");
        for (int i=0; i < mDelayedStartList.size(); i++) {
          Slog.v(TAG,""String_Node_Str"" + i + ""String_Node_Str""+ mDelayedStartList.get(i));
        }
      }
    }
    r.delayed=false;
    startServiceInnerLocked(this,r.pendingStarts.get(0).intent,r,false,true);
  }
  if (mStartingBackground.size() > 0) {
    ServiceRecord next=mStartingBackground.get(0);
    long when=next.startingBgTimeout > now ? next.startingBgTimeout : now;
    if (DEBUG_DELAYED_SERVICE)     Slog.v(TAG,""String_Node_Str"" + next + ""String_Node_Str""+ when);
    Message msg=obtainMessage(MSG_BG_START_TIMEOUT);
    sendMessageAtTime(msg,when);
  }
  if (mStartingBackground.size() < mMaxStartingBackground) {
    mAm.backgroundServicesFinishedLocked(mUserId);
  }
}","The fixed code is correct because it correctly references the DEBUG_DELAYED_STARTS constant, resolving the issue"
"final void killServicesLocked(ProcessRecord app,boolean allowRestart){
  if (false) {
    if (app.services.size() > 0) {
      Iterator<ServiceRecord> it=app.services.iterator();
      while (it.hasNext()) {
        ServiceRecord r=it.next();
        for (int conni=r.connections.size() - 1; conni >= 0; conni--) {
          ArrayList<ConnectionRecord> cl=r.connections.valueAt(conni);
          for (int i=0; i < cl.size(); i++) {
            ConnectionRecord c=cl.get(i);
            if (c.binding.client != app) {
              try {
              }
 catch (              Exception e) {
                Slog.w(TAG,""String_Node_Str"" + r.shortName + ""String_Node_Str""+ app.processName,e);
              }
            }
          }
        }
      }
    }
  }
  for (int i=app.services.size() - 1; i >= 0; i--) {
    ServiceRecord sr=app.services.valueAt(i);
synchronized (sr.stats.getBatteryStats()) {
      sr.stats.stopLaunchedLocked();
    }
    if (sr.app != null && !sr.app.persistent) {
      sr.app.services.remove(sr);
    }
    sr.app=null;
    sr.isolatedProc=null;
    sr.executeNesting=0;
    sr.forceClearTracker();
    if (mDestroyingServices.remove(sr)) {
      if (DEBUG_SERVICE)       Slog.v(TAG,""String_Node_Str"" + sr);
    }
    final int numClients=sr.bindings.size();
    for (int bindingi=numClients - 1; bindingi >= 0; bindingi--) {
      IntentBindRecord b=sr.bindings.valueAt(bindingi);
      if (DEBUG_SERVICE)       Slog.v(TAG,""String_Node_Str"" + b + ""String_Node_Str""+ b.hasBound);
      b.binder=null;
      b.requested=b.received=b.hasBound=false;
    }
  }
  for (int i=app.connections.size() - 1; i >= 0; i--) {
    ConnectionRecord r=app.connections.valueAt(i);
    removeConnectionLocked(r,app,null);
  }
  app.connections.clear();
  ServiceMap smap=getServiceMap(app.userId);
  for (int i=app.services.size() - 1; i >= 0; i--) {
    ServiceRecord sr=app.services.valueAt(i);
    if (smap.mServicesByName.get(sr.name) != sr) {
      ServiceRecord cur=smap.mServicesByName.get(sr.name);
      Slog.wtf(TAG,""String_Node_Str"" + sr + ""String_Node_Str""+ app+ ""String_Node_Str""+ cur);
      app.services.removeAt(i);
      continue;
    }
    if (allowRestart && sr.crashCount >= 2 && (sr.serviceInfo.applicationInfo.flags & ApplicationInfo.FLAG_PERSISTENT) == 0) {
      Slog.w(TAG,""String_Node_Str"" + sr.crashCount + ""String_Node_Str""+ sr);
      EventLog.writeEvent(EventLogTags.AM_SERVICE_CRASHED_TOO_MUCH,sr.userId,sr.crashCount,sr.shortName,app.pid);
      bringDownServiceLocked(sr);
    }
 else     if (!allowRestart) {
      bringDownServiceLocked(sr);
    }
 else {
      boolean canceled=scheduleServiceRestartLocked(sr,true);
      if (sr.startRequested && (sr.stopIfKilled || canceled)) {
        if (sr.pendingStarts.size() == 0) {
          sr.startRequested=false;
          if (sr.tracker != null) {
            sr.tracker.setStarted(false,mAm.mProcessStats.getMemFactorLocked(),SystemClock.uptimeMillis());
          }
          if (!sr.hasAutoCreateConnections()) {
            bringDownServiceLocked(sr);
          }
        }
      }
    }
  }
  if (!allowRestart) {
    app.services.clear();
    for (int i=mRestartingServices.size() - 1; i >= 0; i--) {
      ServiceRecord r=mRestartingServices.get(i);
      if (r.processName.equals(app.processName) && r.serviceInfo.applicationInfo.uid == app.info.uid) {
        mRestartingServices.remove(i);
        clearRestartingIfNeededLocked(r);
      }
    }
    for (int i=mPendingServices.size() - 1; i >= 0; i--) {
      ServiceRecord r=mPendingServices.get(i);
      if (r.processName.equals(app.processName) && r.serviceInfo.applicationInfo.uid == app.info.uid) {
        mPendingServices.remove(i);
      }
    }
  }
  int i=mDestroyingServices.size();
  while (i > 0) {
    i--;
    ServiceRecord sr=mDestroyingServices.get(i);
    if (sr.app == app) {
      sr.forceClearTracker();
      mDestroyingServices.remove(i);
      if (DEBUG_SERVICE)       Slog.v(TAG,""String_Node_Str"" + sr);
    }
  }
  app.executingServices.clear();
}","final void killServicesLocked(ProcessRecord app,boolean allowRestart){
  if (false) {
    if (app.services.size() > 0) {
      Iterator<ServiceRecord> it=app.services.iterator();
      while (it.hasNext()) {
        ServiceRecord r=it.next();
        for (int conni=r.connections.size() - 1; conni >= 0; conni--) {
          ArrayList<ConnectionRecord> cl=r.connections.valueAt(conni);
          for (int i=0; i < cl.size(); i++) {
            ConnectionRecord c=cl.get(i);
            if (c.binding.client != app) {
              try {
              }
 catch (              Exception e) {
                Slog.w(TAG,""String_Node_Str"" + r.shortName + ""String_Node_Str""+ app.processName,e);
              }
            }
          }
        }
      }
    }
  }
  for (int i=app.services.size() - 1; i >= 0; i--) {
    ServiceRecord sr=app.services.valueAt(i);
synchronized (sr.stats.getBatteryStats()) {
      sr.stats.stopLaunchedLocked();
    }
    if (sr.app != app && sr.app != null && !sr.app.persistent) {
      sr.app.services.remove(sr);
    }
    sr.app=null;
    sr.isolatedProc=null;
    sr.executeNesting=0;
    sr.forceClearTracker();
    if (mDestroyingServices.remove(sr)) {
      if (DEBUG_SERVICE)       Slog.v(TAG,""String_Node_Str"" + sr);
    }
    final int numClients=sr.bindings.size();
    for (int bindingi=numClients - 1; bindingi >= 0; bindingi--) {
      IntentBindRecord b=sr.bindings.valueAt(bindingi);
      if (DEBUG_SERVICE)       Slog.v(TAG,""String_Node_Str"" + b + ""String_Node_Str""+ b.hasBound);
      b.binder=null;
      b.requested=b.received=b.hasBound=false;
    }
  }
  for (int i=app.connections.size() - 1; i >= 0; i--) {
    ConnectionRecord r=app.connections.valueAt(i);
    removeConnectionLocked(r,app,null);
  }
  app.connections.clear();
  ServiceMap smap=getServiceMap(app.userId);
  for (int i=app.services.size() - 1; i >= 0; i--) {
    ServiceRecord sr=app.services.valueAt(i);
    if (!app.persistent) {
      app.services.removeAt(i);
    }
    if (smap.mServicesByName.get(sr.name) != sr) {
      ServiceRecord cur=smap.mServicesByName.get(sr.name);
      Slog.wtf(TAG,""String_Node_Str"" + sr + ""String_Node_Str""+ app+ ""String_Node_Str""+ cur);
      continue;
    }
    if (allowRestart && sr.crashCount >= 2 && (sr.serviceInfo.applicationInfo.flags & ApplicationInfo.FLAG_PERSISTENT) == 0) {
      Slog.w(TAG,""String_Node_Str"" + sr.crashCount + ""String_Node_Str""+ sr);
      EventLog.writeEvent(EventLogTags.AM_SERVICE_CRASHED_TOO_MUCH,sr.userId,sr.crashCount,sr.shortName,app.pid);
      bringDownServiceLocked(sr);
    }
 else     if (!allowRestart) {
      bringDownServiceLocked(sr);
    }
 else {
      boolean canceled=scheduleServiceRestartLocked(sr,true);
      if (sr.startRequested && (sr.stopIfKilled || canceled)) {
        if (sr.pendingStarts.size() == 0) {
          sr.startRequested=false;
          if (sr.tracker != null) {
            sr.tracker.setStarted(false,mAm.mProcessStats.getMemFactorLocked(),SystemClock.uptimeMillis());
          }
          if (!sr.hasAutoCreateConnections()) {
            bringDownServiceLocked(sr);
          }
        }
      }
    }
  }
  if (!allowRestart) {
    app.services.clear();
    for (int i=mRestartingServices.size() - 1; i >= 0; i--) {
      ServiceRecord r=mRestartingServices.get(i);
      if (r.processName.equals(app.processName) && r.serviceInfo.applicationInfo.uid == app.info.uid) {
        mRestartingServices.remove(i);
        clearRestartingIfNeededLocked(r);
      }
    }
    for (int i=mPendingServices.size() - 1; i >= 0; i--) {
      ServiceRecord r=mPendingServices.get(i);
      if (r.processName.equals(app.processName) && r.serviceInfo.applicationInfo.uid == app.info.uid) {
        mPendingServices.remove(i);
      }
    }
  }
  int i=mDestroyingServices.size();
  while (i > 0) {
    i--;
    ServiceRecord sr=mDestroyingServices.get(i);
    if (sr.app == app) {
      sr.forceClearTracker();
      mDestroyingServices.remove(i);
      if (DEBUG_SERVICE)       Slog.v(TAG,""String_Node_Str"" + sr);
    }
  }
  app.executingServices.clear();
}",The fixed code is correct because it properly checks if `sr.app` is not equal to `app
"ComponentName startServiceInnerLocked(ServiceMap smap,Intent service,ServiceRecord r,boolean callerFg,boolean addToStarting){
  ProcessStats.ServiceState stracker=r.getTracker();
  if (stracker != null) {
    stracker.setStarted(true,mAm.mProcessStats.getMemFactorLocked(),r.lastActivity);
  }
  r.callStart=false;
synchronized (r.stats.getBatteryStats()) {
    r.stats.startRunningLocked();
  }
  String error=bringUpServiceLocked(r,service.getFlags(),callerFg,false);
  if (error != null) {
    return new ComponentName(""String_Node_Str"",error);
  }
  if (r.startRequested && addToStarting) {
    boolean first=smap.mStartingBackground.size() == 0;
    smap.mStartingBackground.add(r);
    r.startingBgTimeout=SystemClock.uptimeMillis() + BG_START_TIMEOUT;
    if (DEBUG_DELAYED_SERVICE) {
      RuntimeException here=new RuntimeException(""String_Node_Str"");
      here.fillInStackTrace();
      Slog.v(TAG,""String_Node_Str"" + first + ""String_Node_Str""+ r,here);
    }
 else     if (DEBUG_DELAYED_STATS) {
      Slog.v(TAG,""String_Node_Str"" + first + ""String_Node_Str""+ r);
    }
    if (first) {
      smap.rescheduleDelayedStarts();
    }
  }
 else   if (callerFg) {
    smap.ensureNotStartingBackground(r);
  }
  return r.name;
}","ComponentName startServiceInnerLocked(ServiceMap smap,Intent service,ServiceRecord r,boolean callerFg,boolean addToStarting){
  ProcessStats.ServiceState stracker=r.getTracker();
  if (stracker != null) {
    stracker.setStarted(true,mAm.mProcessStats.getMemFactorLocked(),r.lastActivity);
  }
  r.callStart=false;
synchronized (r.stats.getBatteryStats()) {
    r.stats.startRunningLocked();
  }
  String error=bringUpServiceLocked(r,service.getFlags(),callerFg,false);
  if (error != null) {
    return new ComponentName(""String_Node_Str"",error);
  }
  if (r.startRequested && addToStarting) {
    boolean first=smap.mStartingBackground.size() == 0;
    smap.mStartingBackground.add(r);
    r.startingBgTimeout=SystemClock.uptimeMillis() + BG_START_TIMEOUT;
    if (DEBUG_DELAYED_SERVICE) {
      RuntimeException here=new RuntimeException(""String_Node_Str"");
      here.fillInStackTrace();
      Slog.v(TAG,""String_Node_Str"" + first + ""String_Node_Str""+ r,here);
    }
 else     if (DEBUG_DELAYED_STARTS) {
      Slog.v(TAG,""String_Node_Str"" + first + ""String_Node_Str""+ r);
    }
    if (first) {
      smap.rescheduleDelayedStarts();
    }
  }
 else   if (callerFg) {
    smap.ensureNotStartingBackground(r);
  }
  return r.name;
}",The fixed code corrects a typo in the condition `DEBUG_DELAYED_STATS` to `DEBUG_DELAY
